﻿<?xml version="1.0" encoding="utf-8"?>
<Solution xmlns="http://schemas.microsoft.com/sharepoint/" SolutionId="481b6a80-2e19-428e-8e7a-75acbf599050" SharePointProductVersion="16.0">
  <Assemblies>
    <Assembly Location="Stripe.net.dll" DeploymentTarget="GlobalAssemblyCache" />
    <Assembly Location="Newtonsoft.Json.dll" DeploymentTarget="GlobalAssemblyCache" />
    <Assembly Location="WaterExchange.dll" DeploymentTarget="GlobalAssemblyCache" />
  </Assemblies>
  <TemplateFiles>
    <TemplateFile Location="Layouts\WaterExchange\Backup-layoutpages\waterExchange.master" />
    <TemplateFile Location="Layouts\WaterExchange\Branding\fonts\33361F_1_0.eot" />
    <TemplateFile Location="Layouts\WaterExchange\Branding\fonts\33361F_1_0.ttf" />
    <TemplateFile Location="Layouts\WaterExchange\Branding\fonts\33361F_1_0.woff" />
    <TemplateFile Location="Layouts\WaterExchange\Branding\fonts\33361F_1_0.woff2" />
    <TemplateFile Location="Layouts\WaterExchange\Branding\fonts\33361F_3_0.eot" />
    <TemplateFile Location="Layouts\WaterExchange\Branding\fonts\33361F_3_0.ttf" />
    <TemplateFile Location="Layouts\WaterExchange\Branding\fonts\33361F_3_0.woff" />
    <TemplateFile Location="Layouts\WaterExchange\Branding\fonts\33361F_3_0.woff2" />
    <TemplateFile Location="Layouts\WaterExchange\Branding\fonts\33361F_5_0.eot" />
    <TemplateFile Location="Layouts\WaterExchange\Branding\fonts\33361F_5_0.ttf" />
    <TemplateFile Location="Layouts\WaterExchange\Branding\fonts\33361F_5_0.woff" />
    <TemplateFile Location="Layouts\WaterExchange\Branding\fonts\33361F_5_0.woff2" />
    <TemplateFile Location="Layouts\WaterExchange\Branding\fonts\33361F_6_0.eot" />
    <TemplateFile Location="Layouts\WaterExchange\Branding\fonts\33361F_6_0.ttf" />
    <TemplateFile Location="Layouts\WaterExchange\Branding\fonts\33361F_6_0.woff" />
    <TemplateFile Location="Layouts\WaterExchange\Branding\fonts\33361F_6_0.woff2" />
    <TemplateFile Location="Layouts\WaterExchange\Branding\fonts\fontawesome-webfont.eot" />
    <TemplateFile Location="Layouts\WaterExchange\Branding\fonts\fontawesome-webfont.ttf" />
    <TemplateFile Location="Layouts\WaterExchange\Branding\fonts\fontawesome-webfont.woff" />
    <TemplateFile Location="Layouts\WaterExchange\Branding\fonts\fontawesome-webfont.woff2" />
    <TemplateFile Location="Layouts\WaterExchange\Branding\fonts\FontAwesome.otf" />
    <TemplateFile Location="Layouts\WaterExchange\waterExchange.master" />
    <TemplateFile Location="Layouts\WaterExchange\approveform.aspx" />
    <TemplateFile Location="Layouts\WaterExchange\approveorgjoinee.aspx" />
    <TemplateFile Location="Layouts\WaterExchange\Backup-layoutpages\ApproveForm.aspx" />
    <TemplateFile Location="Layouts\WaterExchange\Backup-layoutpages\ApproveOrgJoinee.aspx" />
    <TemplateFile Location="Layouts\WaterExchange\Backup-layoutpages\CustomLogin.aspx" />
    <TemplateFile Location="Layouts\WaterExchange\Backup-layoutpages\HomeLogin.aspx" />
    <TemplateFile Location="Layouts\WaterExchange\Backup-layoutpages\JoinOrganization.aspx" />
    <TemplateFile Location="Layouts\WaterExchange\Backup-layoutpages\MultiApproval.aspx" />
    <TemplateFile Location="Layouts\WaterExchange\Backup-layoutpages\RegisterOrg.aspx" />
    <TemplateFile Location="Layouts\WaterExchange\Backup-layoutpages\SignUp.aspx" />
    <TemplateFile Location="Layouts\WaterExchange\Branding\css\bootstrap.css" />
    <TemplateFile Location="Layouts\WaterExchange\Branding\css\bootstrap.min.css" />
    <TemplateFile Location="Layouts\WaterExchange\Branding\css\font-awesome.css" />
    <TemplateFile Location="Layouts\WaterExchange\Branding\css\font-awesome.min.css" />
    <TemplateFile Location="Layouts\WaterExchange\Branding\css\fonts.css" />
    <TemplateFile Location="Layouts\WaterExchange\Branding\css\style.css" />
    <TemplateFile Location="Layouts\WaterExchange\Branding\fonts\fontawesome-webfont.svg" />
    <TemplateFile Location="Layouts\WaterExchange\Branding\img\favicon-thin.png" />
    <TemplateFile Location="Layouts\WaterExchange\Branding\img\favicon.ico" />
    <TemplateFile Location="Layouts\WaterExchange\Branding\img\favicon.png" />
    <TemplateFile Location="Layouts\WaterExchange\Branding\img\illustration-men-at-work-player.jpg" />
    <TemplateFile Location="Layouts\WaterExchange\Branding\img\illustration-men-at-work.jpg" />
    <TemplateFile Location="Layouts\WaterExchange\Branding\img\office-people-view-data-bg.jpg" />
    <TemplateFile Location="Layouts\WaterExchange\Branding\img\pixel.gif" />
    <TemplateFile Location="Layouts\WaterExchange\Branding\img\register-over.png" />
    <TemplateFile Location="Layouts\WaterExchange\Branding\img\register.png" />
    <TemplateFile Location="Layouts\WaterExchange\Branding\img\request-over.png" />
    <TemplateFile Location="Layouts\WaterExchange\Branding\img\request.png" />
    <TemplateFile Location="Layouts\WaterExchange\Branding\js\bootstrap.js" />
    <TemplateFile Location="Layouts\WaterExchange\Branding\js\bootstrap.min.js" />
    <TemplateFile Location="Layouts\WaterExchange\Branding\js\classie.js" />
    <TemplateFile Location="Layouts\WaterExchange\Branding\js\jquery.easing.js" />
    <TemplateFile Location="Layouts\WaterExchange\Branding\js\jquery.min.js" />
    <TemplateFile Location="Layouts\WaterExchange\Branding\js\modernizr.js" />
    <TemplateFile Location="Layouts\WaterExchange\Branding\js\respond.min.js" />
    <TemplateFile Location="Layouts\WaterExchange\Branding\js\scripts.js" />
    <TemplateFile Location="Layouts\WaterExchange\CustomLogin.aspx" />
    <TemplateFile Location="Layouts\WaterExchange\home.aspx" />
    <TemplateFile Location="Layouts\WaterExchange\joinorg.aspx" />
    <TemplateFile Location="Layouts\WaterExchange\MultiApproval.aspx" />
    <TemplateFile Location="Layouts\WaterExchange\privacy-policy.aspx" />
    <TemplateFile Location="Layouts\WaterExchange\registerorg.aspx" />
    <TemplateFile Location="Layouts\WaterExchange\SignUp.aspx" />
    <TemplateFile Location="Layouts\WaterExchange\support.aspx" />
    <TemplateFile Location="Layouts\WaterExchange\terms-of-use.aspx" />
    <TemplateFile Location="Images\WaterExchange\Black.png" />
    <TemplateFile Location="Images\WaterExchange\Footer.png" />
    <TemplateFile Location="Images\WaterExchange\Footer_Login.png" />
    <TemplateFile Location="Images\WaterExchange\Header.png" />
    <TemplateFile Location="Images\WaterExchange\Header_Login.png" />
    <TemplateFile Location="Images\WaterExchange\Hello.png" />
    <TemplateFile Location="Images\WaterExchange\HomeImage.png" />
    <TemplateFile Location="Images\WaterExchange\Join.png" />
    <TemplateFile Location="Images\WaterExchange\Login_Button.png" />
    <TemplateFile Location="Images\WaterExchange\login_logo.png" />
    <TemplateFile Location="Images\WaterExchange\MainImage_LoginScreen.png" />
    <TemplateFile Location="Images\WaterExchange\MainPageBody.png" />
    <TemplateFile Location="Images\WaterExchange\MainPageLogo.png" />
    <TemplateFile Location="Images\WaterExchange\Middle_Image_Login.png" />
    <TemplateFile Location="Images\WaterExchange\Register.png" />
    <TemplateFile Location="Images\WaterExchange\RegisterOrg.png" />
    <TemplateFile Location="Images\WaterExchange\RegisterStep1.png" />
    <TemplateFile Location="Images\WaterExchange\RegisterStep2.png" />
    <TemplateFile Location="Images\WaterExchange\RegisterStep3.png" />
    <TemplateFile Location="Images\WaterExchange\Register_Button.png" />
    <TemplateFile Location="Images\WaterExchange\Request_Access.png" />
    <TemplateFile Location="Images\WaterExchange\SignUp.png" />
    <TemplateFile Location="Images\WaterExchange\SignupMain.png" />
    <TemplateFile Location="Images\WaterExchange\WaterExchangeLogo.png" />
    <TemplateFile Location="Images\WaterExchange\Welcome.png" />
  </TemplateFiles>
  <FeatureManifests>
    <FeatureManifest Location="WaterExchange_ApprovalTimerFeature\Feature.xml" />
  </FeatureManifests>
</Solution>
